{
    "num_cases": 5,
    "cnn": {
        "F1 Score": 0.9641253412513926,
        "Acc": 0.9641701915899478,
        "Consitency": 0.5127505097055982,
        "Correctness": {
            "acc low images": 0.3,
            "acc masked images": 0.62
        },
        "Confidence": 0.2611238999728812
    },
    "vit": {
        "F1 Score": 0.8761081101313064,
        "Acc": 0.876337397362528,
        "Consitency": 0.4644584002448126,
        "Correctness": {
            "acc low images": 0.04,
            "acc masked images": 0.16
        },
        "Confidence": 0.1449851048647497
    }
}